topic_id,rank,keyword,weight,mapped_initial_aspect
0,1,bagus,4.109746869649984,pemandangan
0,2,pemandangan bagus,0.15817815497902502,pemandangan
0,3,view bagus,0.1515698546334338,pemandangan
0,4,pemandangan,0.12175806440166398,pemandangan
0,5,view,0.09029569427618472,pemandangan
0,6,bagus banget,0.08957850420756665,pemandangan
0,7,bagus bersih,0.08716951381995235,pemandangan
0,8,bagus sekali,0.08176211357580856,pemandangan
0,9,banget,0.06995676067590173,pemandangan
0,10,bagus nyaman,0.06016422653194172,pemandangan
0,11,pelayanan bagus,0.05628070009804306,pemandangan
0,12,sekali,0.05606550177086213,pemandangan
0,13,lokasi bagus,0.05300319146076095,pemandangan
0,14,viewnya,0.05022729135772942,pemandangan
0,15,pemandangannya,0.04726814571859905,pemandangan
1,1,mantap,3.707531486973938,pelayanan
1,2,mantap kali,0.03631948562233389,pelayanan
1,3,oke,0.03532302698663419,pelayanan
1,4,mantap enak,0.03412947358109645,pelayanan
1,5,rasanya,0.030528942318779482,pelayanan
1,6,mantap lah,0.02911618987991268,pelayanan
1,7,view mantap,0.027505071261871773,pelayanan
1,8,bagus mantap,0.027226462860400417,pelayanan
1,9,pokoknya,0.02683716725057574,pelayanan
1,10,rasa,0.025342809432436615,pelayanan
1,11,la,0.023805981933853308,pelayanan
1,12,kali,0.02281783200669483,pelayanan
1,13,pelayanan mantap,0.02250160674264025,pelayanan
1,14,viewnya,0.02242650964378778,pelayanan
1,15,view,0.02230257182429221,pelayanan
2,1,indah,4.151906318710488,pemandangan
2,2,pemandangan,1.104446736750493,pemandangan
2,3,pemandangan indah,1.0983625477892431,pemandangan
2,4,sejuk,0.2163991402492774,pemandangan
2,5,indah sekali,0.1570446023627412,pemandangan
2,6,pemandangannya,0.11489474916088659,pemandangan
2,7,pemandangannya indah,0.10692446146440898,pemandangan
2,8,indah nyaman,0.10533011783872424,pemandangan
2,9,sekali,0.10306963514268307,pemandangan
2,10,indah pemandangan,0.1006938001495331,pemandangan
2,11,bagus indah,0.08603970539043643,pemandangan
2,12,sungguh indah,0.07845246110946105,pemandangan
2,13,sungguh,0.07439241623645533,pemandangan
2,14,view indah,0.07375885428089089,pemandangan
2,15,asri,0.0728041168078555,pemandangan
3,1,enak,2.8050128378150583,makanan
3,2,makanan,0.8355333218040261,makanan
3,3,makanan enak,0.8224426757571278,makanan
3,4,makanannya,0.5003160257563819,makanan
3,5,makanannya enak,0.4687953495534841,makanan
3,6,ramah,0.2017045630857894,makanan
3,7,enak pelayanan,0.1443265494337926,makanan
3,8,enak harga,0.14043391136318553,makanan
3,9,makan,0.1389943055192706,makanan
3,10,pelayanan,0.13128769505972726,makanan
3,11,banget,0.1291537648680922,makanan
3,12,enak banget,0.12886369113917592,makanan
3,13,terjangkau,0.12636807161871394,makanan
3,14,harga,0.12478427183532995,makanan
3,15,ikan,0.12302471198717728,makanan
4,1,toba,2.0101058598344417,pemandangan
4,2,danau,1.9416802677867004,pemandangan
4,3,danau toba,1.8554669648021174,pemandangan
4,4,view,0.9169907796574208,pemandangan
4,5,view danau,0.5708845761513617,pemandangan
4,6,pemandangan,0.4897266964633947,pemandangan
4,7,pemandangan danau,0.4425756473573093,pemandangan
4,8,langsung,0.2555154099704138,pemandangan
4,9,menikmati,0.25473168839160104,pemandangan
4,10,toba indah,0.23694775681970032,pemandangan
4,11,bukit,0.21674110663441318,pemandangan
4,12,lake,0.2164741487640281,pemandangan
4,13,melihat,0.19942692755573838,pemandangan
4,14,keindahan,0.1788513138059109,pemandangan
4,15,lake toba,0.16810949956224733,pemandangan
5,1,biasa,2.0544532015861083,makanan
5,2,luar,1.8203285046175623,makanan
5,3,luar biasa,1.8148889645341069,makanan
5,4,pemandangan luar,0.15928237953985303,makanan
5,5,pemandangan,0.14364470166452947,makanan
5,6,lezat,0.11307442815786169,makanan
5,7,biasa aja,0.10846750177399478,makanan
5,8,restoran,0.09830230845506706,makanan
5,9,aja,0.0902968910966128,makanan
5,10,sungguh,0.08122066068440098,makanan
5,11,biasa indah,0.07810674271366028,makanan
5,12,makanannya,0.07799231181994454,makanan
5,13,sungguh luar,0.07643598849428833,makanan
5,14,pengalaman,0.0741516349205254,makanan
5,15,malam,0.06567067610877914,makanan
6,1,keren,3.4954670455399053,pemandangan
6,2,keren banget,0.14266377389444582,pemandangan
6,3,banget,0.13067290985674843,pemandangan
6,4,cantik,0.09338472907275665,pemandangan
6,5,view keren,0.07314033906938242,pemandangan
6,6,keren sekali,0.06915832652051764,pemandangan
6,7,sekali,0.06339381676935461,pemandangan
6,8,viewnya keren,0.0610345568606071,pemandangan
6,9,keren bagus,0.05914918986959136,pemandangan
6,10,viewnya,0.055951663129024165,pemandangan
6,11,bersih,0.05017848825018102,pemandangan
6,12,view,0.04577142578967152,pemandangan
6,13,bagus keren,0.041823786304000306,pemandangan
6,14,sih,0.040967876454443636,pemandangan
6,15,pantai,0.039899432491076706,pemandangan
7,1,good,3.710690124289523,pelayanan
7,2,food,0.4726514313054461,pelayanan
7,3,place,0.3932882772367548,pelayanan
7,4,good place,0.38204514474982776,pelayanan
7,5,good food,0.3009420246398105,pelayanan
7,6,good view,0.24656230435518345,pelayanan
7,7,service,0.18864845766257415,pelayanan
7,8,food good,0.16590172590444402,pelayanan
7,9,place good,0.14780176093698885,pelayanan
7,10,friendly,0.13736176477964485,pelayanan
7,11,price,0.12406698441424187,pelayanan
7,12,staff,0.10131727655608867,pelayanan
7,13,restaurant,0.09649336569585872,pelayanan
7,14,good service,0.09252878407623756,pelayanan
7,15,great,0.08813280353187568,pelayanan
8,1,nyaman,2.9706299088817207,akomodasi
8,2,bersih,0.8427275588745144,akomodasi
8,3,bersih nyaman,0.5276089345759615,akomodasi
8,4,nyaman bersih,0.2629902361075888,akomodasi
8,5,sejuk,0.24440299164999849,akomodasi
8,6,bagus nyaman,0.17590945945402792,akomodasi
8,7,suasana,0.1625047444629946,akomodasi
8,8,keluarga,0.13367966034916612,akomodasi
8,9,indah nyaman,0.13081866845722964,akomodasi
8,10,suasana nyaman,0.12021868583301312,akomodasi
8,11,tenang,0.11729711924836653,akomodasi
8,12,sejuk nyaman,0.11706488543343616,akomodasi
8,13,enak nyaman,0.11129257166283238,akomodasi
8,14,cocok,0.09444897342111236,akomodasi
8,15,hotel,0.07996645569108887,akomodasi
9,1,nice,2.4213803870081763,pelayanan
9,2,view,0.8002041666439379,pelayanan
9,3,place,0.7551170106992485,pelayanan
9,4,nice view,0.4958676830984255,pelayanan
9,5,nice place,0.49570772439834443,pelayanan
9,6,food,0.3252103110734539,pelayanan
9,7,great,0.31826963502703504,pelayanan
9,8,lake,0.2945409978455035,pelayanan
9,9,beautiful,0.2400391065985964,pelayanan
9,10,amazing,0.22474032845883735,pelayanan
9,11,lake toba,0.15581114278177452,pelayanan
9,12,clean,0.1361671957345545,pelayanan
9,13,friendly,0.13297674232801218,pelayanan
9,14,view lake,0.13290905276864662,pelayanan
9,15,staff,0.12135577920952687,pelayanan
10,1,tidak,1.2629041002127164,akses_jalan
10,2,air,0.7557253797571493,akses_jalan
10,3,ramah,0.7464242045809961,akses_jalan
10,4,pelayanan,0.641939677255808,akses_jalan
10,5,kurang,0.6283238186772874,akses_jalan
10,6,bersih,0.5733409286315574,akses_jalan
10,7,makan,0.569653527171779,akses_jalan
10,8,makanan,0.5605821082679129,akses_jalan
10,9,harga,0.5574779286835222,akses_jalan
10,10,kamar,0.5320184113765983,akses_jalan
10,11,cukup,0.4564751613313021,akses_jalan
10,12,masuk,0.45556710964324393,akses_jalan
10,13,lagi,0.4196420519839342,akses_jalan
10,14,jalan,0.3776290832140468,akses_jalan
10,15,hanya,0.3753373563089849,akses_jalan
11,1,ok,2.881786913664833,harga
11,2,pelayanan ok,0.11122820373721334,harga
11,3,pelayanan,0.09395138877758363,harga
11,4,banget,0.08418368734026126,harga
11,5,makanan ok,0.04665074799578834,harga
11,6,pemandangan ok,0.044567390540333075,harga
11,7,pemandangan,0.04264682518404888,harga
11,8,kali,0.03655898135033156,harga
11,9,bagus pelayanan,0.033462382616775525,harga
11,10,harga,0.03227503061234498,harga
11,11,lah,0.03201127980052921,harga
11,12,recommended,0.031782164138435494,harga
11,13,makanannya,0.031623700073892376,harga
11,14,mantab,0.03035132923868976,harga
11,15,ok lah,0.026530645236352977,harga
